<?xml version="1.0" encoding="UTF-8"?>
<game>
	<frame title="俄罗斯方块" windowup="0"    width="1168" height="680" padding="16" windowSize="7">
		<layer className="ui.LayerBackGround"  x="0"   y="0"   w="0"  h="0"/>		
		<layer className="ui.LayerDataBase"    x="40"  y="32"  w="334" h="279"/>		
		<layer className="ui.LayerDisk"        x="40"  y="343" w="334" h="279"/>		
		<layer className="ui.LayerGame"        x="414" y="32"  w="334" h="590"/>		
	    <layer className="ui.LayerButton"      x="788" y="32"  w="334" h="124"/>		
		<layer className="ui.LayerNext"        x="788" y="175" w="176" h="136"/>
		<layer className="ui.LayerLevel"       x="964" y="175" w="158" h="136"/>
		<layer className="ui.LayerPoint"       x="788" y="343" w="334" h="170"/>
		<layer className="ui.LayerAbout"       x="788" y="520" w="334" h="102"/>			
	</frame>
<system>
</system>
<data>
</data>
</game>